active,id,cartPlatform,cartSlug,cartName,addToCartType,addToCartUrl,canCollectSalesData,cartCategory,cartColor,cartFontColor,cartLink,cartLogo,redirectOnAddToCart,regional,createdAt
true,005966da-f6a0-2028-142e-0e890d8678dc,jewel-osco,jewel-osco,Jewel-Osco,PDP_REDIRECT,https://www.jewelosco.com,false,Food & Beverage,#e41135,#FFFFFF,https://www.jewelosco.com,,false,true,Mon Jul 06 2020 12:09:07 GMT-0400 (Eastern Daylight Time)
true,00dc9b71-f5bc-4ccc-3a9d-32f08089640d,straight-talk,straight-talk,Straight Talk,PDP_REDIRECT,https://www.straighttalk.com/wps/portal/home/shop,false,Electronics,#000000,#FFFFFF,https://www.straighttalk.com/wps/portal/home/shop,,false,,Tue Jul 21 2020 15:19:20 GMT-0400 (Eastern Daylight Time)
true,0225083c-5b9f-3787-810c-61cf8170afb7,smart-and-final,smart-final,Smart & Final,CUSTOM_REDIRECT_ONLY,https://www.smartandfinal.com/checkout/,false,Food & Beverage,#ca0928,#FFFFFF,https://www.smartandfinal.com/checkout/,,false,,Wed Jul 01 2020 17:43:54 GMT-0400 (Eastern Daylight Time)
true,023d819a-ea98-9325-1288-b3989aedac24,no7-beauty,no7-beauty,No7 Beauty,PDP_REDIRECT,https://us.no7beauty.com/basketinterface.json,false,Beauty & Personal Care,#000000,#FFFFFF,https://us.no7beauty.com/my.basket,,false,,Thu Feb 06 2020 13:14:13 GMT-0500 (Eastern Standard Time)
false,03b747a7-ecbf-9dee-33bb-4645af661020,adidas-uk,adidas-uk,Adidas UK,DIRECT_URL,https://www.adidas.co.uk/cart/restore,,Apparel & Footwear,#000000,,https://www.adidas.co.uk/on/demandware.store/Sites-adidas-GB-Site/en_GB/Cart-Show,,false,,Mon Apr 29 2019 10:34:02 GMT-0400 (Eastern Daylight Time)
true,04c9beae-d55f-0458-c418-577e51acb59e,twin-liquors,twin-liquors,Twin Liquors,PDP_REDIRECT,https://twinliquors.com/cart,false,Food & Beverage,#881f02,#FFFFFF,https://twinliquors.com/cart,,false,true,Wed Jun 17 2020 07:40:04 GMT-0400 (Eastern Daylight Time)
true,0729db51-7715-1dec-7520-655a0d1d093e,rite-aid,rite-aid,Rite Aid,PDP_REDIRECT,https://www.riteaid.com/,false,Big Box,#0d4d91,#FFFFFF,https://www.riteaid.com/,,false,,Wed Sep 30 2020 16:03:05 GMT-0400 (Eastern Daylight Time)
true,0c61cac8-c1f5-ae8e-e86b-a794aaa94efe,carrs,carrs,Carrs,PDP_REDIRECT,https://www.carrsqc.com,false,Food & Beverage,#e51620,#FFFFFF,https://www.carrsqc.com,,false,true,Thu Jul 09 2020 13:52:52 GMT-0400 (Eastern Daylight Time)
false,0c81d068-af69-1424-8a6b-a9f92aa25297,gopuff,gopuff,goPuff,PDP_REDIRECT,https://gopuff.com/mixcart/addProduct,false,Big Box,#88d5f6,#FFFFFF,https://gopuff.com/basket,,false,,Thu Aug 15 2019 13:44:19 GMT-0400 (Eastern Daylight Time)
true,0ca26981-bc15-f622-cdf0-3c6dfca7a185,costco-ca,costco-canada,Costco Canada,CUSTOM_REDIRECT_ONLY,https://www.costco.ca/AjaxManageShoppingCartCmd,false,,#1760AA,#FFFFFF,https://www.costco.ca/CheckoutCartDisplayView,,false,,Thu Mar 05 2020 15:47:29 GMT-0500 (Eastern Standard Time)
false,0da71702-9246-e79c-94fd-8900c2d0e7bd,adidas-de,adidas-germany,Adidas Germany,DIRECT_URL,https://www.adidas.de/cart/restore,,Apparel & Footwear,#000000,,https://www.adidas.de/on/demandware.store/Sites-adidas-DE-Site/de_DE/Cart-Show,,false,,Mon Apr 29 2019 16:25:46 GMT-0400 (Eastern Daylight Time)
true,0ebe40a1-80b8-a9ef-24a2-33a37ee67a76,pavilions,pavilions,Pavilions,PDP_REDIRECT,https://www.pavilions.com,false,Food & Beverage,#000000,#FFFFFF,https://www.pavilions.com,,false,true,Sun Jul 05 2020 13:56:34 GMT-0400 (Eastern Daylight Time)
true,0fa408bd-c08c-eeaa-eaa3-eb9e5cbb96b6,dollarshave,dollar-shave-club,Dollar Shave Club,DIRECT_URL,https://www.dollarshaveclub.com/action/cart-add-or-subscribe-skus/,,Beauty & Personal Care,,,https://www.dollarshaveclub.com/your-box/cart,,true,,Tue Mar 06 2018 17:24:17 GMT-0500 (EST)
true,11cb6d65-9798-8c40-56b7-95c12d621fba,saturn,saturn,Saturn,PDP_REDIRECT,https://www.saturn.de/,false,Electronics,#000000,#FFFFFF,https://www.saturn.de/,,false,,Wed Sep 30 2020 09:20:00 GMT-0400 (Eastern Daylight Time)
true,12ed6790-2ee5-2b30-6b91-8e7c233e4bd4,bodyshop,body-shop,Body Shop,DIRECT_URL,https://www.thebodyshop.com/en-us/cart/bundleUrl?,,Beauty & Personal Care,#004236,,https://www.thebodyshop.com/en-us/cart,,false,,Fri Oct 26 2018 10:21:24 GMT-0400 (Eastern Daylight Time)
true,1531d0bb-a8da-ed13-7ec0-0d57b6c121c3,giant-eagle,giant-eagle,Giant Eagle,PDP_REDIRECT,https://shop.gianteagle.com,false,Food & Beverage,#BA0D0D,#FFFFFF,https://shop.gianteagle.com,,false,,Fri Sep 18 2020 17:38:40 GMT-0400 (Eastern Daylight Time)
true,17490618-a44a-f301-798d-0ca239ba6686,urban-decay,urban-decay,Urban Decay,PDP_REDIRECT,https://www.urbandecay.com/on/demandware.store/Sites-urbandecay-us-Site/default/Cart-AddProduct,false,Beauty & Personal Care,#522d6d,#FFFFFF,https://www.urbandecay.com/on/demandware.store/Sites-urbandecay-us-Site/default/Cart-Show,,false,,Tue Aug 14 2018 15:39:10 GMT-0400 (Eastern Daylight Time)
true,1b130269-296c-771a-b685-27c774a3088d,viktor-and-rolf,viktor-rolf,Viktor & Rolf,DIRECT_URL,https://us.viktor-rolf.com/on/demandware.store/Sites-viktorrolf-us-Site/default/Cart-AddProduct,false,Beauty & Personal Care,#000000,#FFFFFF,https://us.viktor-rolf.com/cart,,false,,Thu Oct 31 2019 16:39:41 GMT-0400 (Eastern Daylight Time)
true,1d422feb-01bf-a258-61c4-e72c175f690e,shores-liquors,shores-liquors,Shores Liquors,PDP_REDIRECT,https://shoresliquor.com/,false,Food & Beverage,#000000,#FFFFFF,https://shoresliquor.com/,,false,,Fri Sep 18 2020 12:55:43 GMT-0400 (Eastern Daylight Time)
true,1d641dca-4008-3478-8c0b-20e62418da35,rxbar,rxbar,RXBAR,DIRECT_URL,https://www.rxbar.com/rxbarcheckout/webhook/add/product,,Food & Beverage,#000000,,https://www.rxbar.com/checkout/cart/,,false,,Mon Dec 16 2019 15:23:34 GMT-0500 (Eastern Standard Time)
true,1e2aa349-4ce6-455c-81be-9fdf954a9a7a,living-proof,living-proof,Living Proof,PDP_REDIRECT,https://www.livingproof.com/buy/checkout/cart/add,,Beauty & Personal Care,,,https://www.livingproof.com/buy/checkout/cart/,,false,,Wed Feb 21 2018 16:58:29 GMT-0500 (EST)
true,1e79c073-70d7-47ad-b2bd-b2a659618eb0,banana-republic,banana-republic,Banana Republic,FORM_SUBMISSION,http://bananarepublic.gap.com/buy/inlineShoppingBagAddJson.do,,Apparel & Footwear,,,https://secure-bananarepublic.gap.com/buy/shopping_bag.do,,false,,Thu Feb 22 2018 13:49:47 GMT-0500 (EST)
true,1ea81eff-2b0d-7586-3760-bf5637d02f38,pampers-pure,pampers-pure,Pampers Pure,FORM_SUBMISSION,https://pamperspure.com/remote/v1/cart/add,,Beauty & Personal Care,#34657f,,https://pamperspure.com/cart.php,,false,,Tue Aug 20 2019 17:19:12 GMT-0400 (Eastern Daylight Time)
true,1f273181-ef3f-c0f9-858f-5c26f0ff09e2,amazon-attribution,amazon-attribution,Amazon Attribution,PDP_REDIRECT,s.amazon-adsystem.com,false,,#f09b3a,#FFFFFF,s.amazon-adsystem.com,,false,,Thu Aug 13 2020 12:29:01 GMT-0400 (Eastern Daylight Time)
true,23da7738-f71b-c315-ef24-82c9795bfbf2,petsmart,petsmart,Petsmart,DIRECT_URL,https://www.petsmart.com/on/demandware.store/Sites-PetSmart-Site/default/Cart-AddProduct,false,,#e5163f,#FFFFFF,https://www.petsmart.com/cart/,,false,,Fri Jun 19 2020 15:57:47 GMT-0400 (Eastern Daylight Time)
true,23f243e9-746c-5b83-6daa-0a799d712c21,king-soopers,king-soopers,King Soopers,PDP_REDIRECT,https://www.kingsoopers.com/basket/api/v2/user/add-item,false,Food & Beverage,#375398,#FFFFFF,https://www.kingsoopers.com/cart,,false,true,Thu Jan 16 2020 10:18:32 GMT-0500 (Eastern Standard Time)
true,24190b2c-ca12-4722-1876-49b9ff9800e0,mitsubishi,mitsubishi,Mitsubishi,PDP_REDIRECT,https://www.mitsubishicars.com/build/2020/OTEV/trims,false,,"rgba(255, 255, 255, 1)",#000000,https://www.mitsubishicars.com/build/2020/OTEV/trims,,false,,Wed Mar 04 2020 13:36:17 GMT-0500 (Eastern Standard Time)
true,2451b440-de4d-39a9-d130-d3519c1780b2,dillards,dillards,Dillard's,PDP_REDIRECT,https://www.dillards.com/webapp/wcs/stores/servlet/OrderItemAdd,,Big Box,#000000,,https://www.dillards.com/webapp/wcs/stores/servlet/OrderItemDisplay,,false,,Fri Jan 24 2020 15:56:32 GMT-0500 (Eastern Standard Time)
false,245e6808-415c-73de-437c-cdb63e811e44,gillette-on-demand,gillette-on-demand,Gillette On Demand,DIRECT_URL,https://ondemand.gillette.com/en-us/shop/all-products,false,Beauty & Personal Care,#081249,#FFFFFF,https://ondemand.gillette.com/en-us/review-order#cart,,false,,Wed Nov 28 2018 13:04:22 GMT-0500 (Eastern Standard Time)
true,274a7236-baf9-c5b3-beb7-6756766031c2,albertsons,albertsons,Albertson's,PDP_REDIRECT,https://www.albertsons.com,false,Food & Beverage,#01a3e4,#FFFFFF,https://www.albertsons.com,,false,true,Thu Jul 02 2020 13:07:59 GMT-0400 (Eastern Daylight Time)
true,2894982f-a435-31ac-af06-612b2984f6d8,lancome-uk,lancome-uk,Lancome UK,DIRECT_URL,https://www.lancome.co.uk/on/demandware.store/Sites-lancome-uk-Site/en_GB/Cart-AddProduct?pid=,,Beauty & Personal Care,,,https://www.lancome.co.uk/cart,,false,,Mon Oct 08 2018 16:55:54 GMT-0400 (Eastern Daylight Time)
true,29664589-3ac3-d509-1042-7f656d934de4,get-go,get-go,Get Go,CUSTOM_REDIRECT_ONLY,https://www.getgocafe.com/,false,Food & Beverage,#ad1a27,#FFFFFF,https://www.getgocafe.com/,,false,true,Fri Oct 30 2020 12:24:48 GMT-0400 (Eastern Daylight Time)
true,2a0dc4e5-64cb-7c79-20db-1b2a157e0b42,winn-dixie,winn-dixie,Winn Dixie,PDP_REDIRECT,https://www.winndixie.com/locator?search,false,Food & Beverage,#C80909,#FFFFFF,https://www.winndixie.com/locator?search,,false,,Fri Sep 18 2020 12:41:11 GMT-0400 (Eastern Daylight Time)
true,2b5ebf83-b1cd-adcc-9bc2-58f8c977a552,dillons,dillons,Dillon's,PDP_REDIRECT,https://www.dillons.com/basket/api/v2/user/add-item,false,Food & Beverage,#375398,#FFFFFF,https://www.dillons.com/cart,,false,true,Wed Jan 15 2020 16:32:07 GMT-0500 (Eastern Standard Time)
true,2bfe8b00-2be4-f22e-b36f-02c3273a5804,narsus,nars,NARS,PDP_REDIRECT,https://www.narscosmetics.com/on/demandware.store/Sites-nars_us-Site/default/Cart-AddProduct,false,Beauty & Personal Care,#000000,#FFFFFF,https://www.narscosmetics.com/USA/cart,,false,,Thu Dec 06 2018 12:14:07 GMT-0500 (Eastern Standard Time)
true,32c8e272-d4fb-7265-43e1-8521b52085a3,amazon-de,amazon-germany,Amazon Germany,DIRECT_URL,https://www.amazon.de/gp/aws/cart/add.html?Access+Key+ID=AKIAI6XNLHWSKFN3STGQ&Associate+Tag=mikmakattach-20&ASIN.1=${SKU}&Quantity.1=1&add=add,,Big Box,#f09b3a,,https://www.amazon.de/gp/cart/view.html/ref=nav_cart,,true,,Fri Mar 02 2018 17:06:30 GMT-0500 (EST)
true,34ee3278-ba79-0e0a-81ca-670bcebb9848,publix,publix,Publix,PDP_REDIRECT,https://www.publix.com,false,Food & Beverage,#3E8C2F,#FFFFFF,https://www.publix.com/shop-online/in-store-pickup/review-your-order,,false,,Mon May 18 2020 16:54:17 GMT-0400 (Eastern Daylight Time)
true,356c9379-cf47-1d9a-d14c-981d38164481,smiths-food-and-drug,smiths-food-and-drug,Smith's Food and Drug,PDP_REDIRECT,https://www.smithsfoodanddrug.com/basket/api/v2/user/add-item,false,Food & Beverage,#375398,#FFFFFF,https://www.smithsfoodanddrug.com/cart,,false,true,Thu Jan 16 2020 10:40:09 GMT-0500 (Eastern Standard Time)
true,360d1cee-6021-74f6-5d30-e26cf72c17c3,amazon-es,amazon-spain,Amazon Spain,DIRECT_URL,https://www.amazon.es/gp/aws/cart/add.html?Access+Key+ID=AKIAI6XNLHWSKFN3STGQ&Associate+Tag=mikmakattach-20&ASIN.1=${SKU}&Quantity.1=1&add=add,,Big Box,#f09b3a,,https://www.amazon.es/gp/cart/view.html/ref=nav_cart,,true,,Fri Mar 02 2018 17:17:19 GMT-0500 (EST)
true,3708bdcf-6565-47a8-8c85-0f43559671d1,amazon-fresh-grocery-list,amazon-fresh-grocery-list,Amazon Fresh Grocery List,DIRECT_FORM_SUBMISSION,https://www.amazon.com/afx/ingredients/landingencoded,false,,#4F9C2D,#FFFFFF,https://www.amazon.com/afx/ingredients/landingencoded,,false,,Mon Apr 08 2019 10:42:05 GMT-0400 (Eastern Daylight Time)
true,370a46f5-6b14-f679-3297-f35e324e1ca2,hannaford,hannaford,Hannaford,PDP_REDIRECT,https://www.hannaford.com/,false,Food & Beverage,#393939,#FFFFFF,https://www.hannaford.com/,,false,,Mon Oct 05 2020 15:33:08 GMT-0400 (Eastern Daylight Time)
true,394caebf-d447-0cae-87fc-a312a8d4b39d,ralphs,ralphs,Ralphs,PDP_REDIRECT,https://www.ralphs.com/basket/api/v2/user/add-item,false,Food & Beverage,#375398,#FFFFFF,https://www.ralphs.com/cart,,false,true,Thu Jan 16 2020 10:19:51 GMT-0500 (Eastern Standard Time)
true,3bff2293-43ab-016d-6072-8959eae498f0,petco,petco,Petco,DIRECT_URL,https://www.petco.com/shop/OrderItemAdd?,,,#EA242C,,https://www.petco.com/shop/OrderItemDisplay,,false,,Wed Nov 28 2018 12:54:25 GMT-0500 (Eastern Standard Time)
true,3c293933-08dc-0cdf-888a-18514f277c85,timberland,timberland,Timberland,DIRECT_URL,https://www.timberland.com/shop/OrderItemAdd?,,Apparel & Footwear,,,https://www.timberland.com/webapp/wcs/stores/servlet/OrderItemDisplay,,false,,Wed Dec 12 2018 16:02:45 GMT-0500 (Eastern Standard Time)
true,3c886f68-3985-beff-289e-3e9f7a893742,rxbar-uk,rxbar-uk,RXBAR UK,DIRECT_URL,https://www.rxbar.co.uk/cart,,Food & Beverage,#000000,,https://www.rxbar.co.uk/checkout,,false,,Wed Nov 27 2019 14:14:04 GMT-0500 (Eastern Standard Time)
true,3d1b8236-68c0-4e1d-818e-eb0d073fd7b9,target,target,Target,PDP_REDIRECT,https://carts.target.com/order-api/cart/v5/cartitems,true,Big Box,#b8241a,,https://www.target.com/co-cart,,false,,Thu Feb 22 2018 13:50:41 GMT-0500 (EST)
true,3ed6dac1-75fb-bb28-8249-932d15efb0d4,kiehls,kiehls,Kiehl's,DIRECT_URL,https://www.kiehls.com/on/demandware.store/Sites-kiehls_us-Site/en_US/Cart-AddProduct,false,Beauty & Personal Care,#000000,#FFFFFF,https://www.kiehls.com/cart,,false,,Thu May 02 2019 11:43:28 GMT-0400 (Eastern Daylight Time)
true,406338b3-f273-3d02-fce9-66baef88e002,puma,puma,Puma,PDP_REDIRECT,https://us.puma.com,false,,#000000,"rgba(255, 255, 255, 1)",https://us.puma.com,,false,,Thu Aug 20 2020 16:32:20 GMT-0400 (Eastern Daylight Time)
true,409b1117-fea9-1842-4853-429bbf6d0eaa,ysl-beauty,ysl-beauty,YSL Beauty,DIRECT_URL,https://www.yslbeautyus.com/on/demandware.store/Sites-ysl-us-Site/en_US/Cart-AddProduct,,Beauty & Personal Care,#060606,,https://www.yslbeautyus.com/cart,,false,,Thu May 16 2019 15:46:54 GMT-0400 (Eastern Daylight Time)
true,40ecefee-5d26-c81e-cd31-e07af1a1b8bc,carrefour-italy,carrefour-italy,Carrefour Italy,PDP_REDIRECT,https://www.carrefour.it/,false,,#34348e,#FFFFFF,https://www.carrefour.it/,,false,,Mon Oct 12 2020 10:07:11 GMT-0400 (Eastern Daylight Time)
true,424c840d-1095-1a6f-f48d-1790291dd691,kohls,kohls,Kohl's,PDP_REDIRECT,https://www.kohls.com/cnc/checkout/cartItems/addItemToCart,,Big Box,#000000,,https://www.kohls.com/checkout/shopping_cart.jsp,,false,,Fri Nov 22 2019 17:01:02 GMT-0500 (Eastern Standard Time)
true,46ca8471-1831-4748-82f0-78fe4ea22841,amazon,amazon,Amazon,DIRECT_URL,https://www.amazon.com/gp/aws/cart/add.html?Access+Key+ID=AKIAI6XNLHWSKFN3STGQ&Associate+Tag=mikmakattach-20&ASIN.1=${SKU}&Quantity.1=1&add=add,false,Big Box,#f09b3a,#FFFFFF,https://www.amazon.com/gp/cart/view.html,,true,,Thu Feb 22 2018 13:50:46 GMT-0500 (EST)
true,46f1a36e-5c95-0a28-9840-17c46b916746,tom-thumb,tom-thumb,Tom Thumb,PDP_REDIRECT,https://www.tomthumb.com,false,Food & Beverage,#023399,#FFFFFF,https://www.tomthumb.com,,false,true,Thu Jul 09 2020 16:56:17 GMT-0400 (Eastern Daylight Time)
true,4727679d-fb8a-82e4-8033-a50896b7e393,metro-market,metro-market,Metro Market,PDP_REDIRECT,https://www.metromarket.net,false,Food & Beverage,#cc2728,#FFFFFF,https://www.metromarket.net/cart,,false,true,Wed Jul 15 2020 09:19:36 GMT-0400 (Eastern Daylight Time)
true,47e08a7c-9a09-1e35-dfb7-6b0851cb688a,bed-bath-and-beyond,bed-bath-beyond,Bed Bath & Beyond,PDP_REDIRECT,https://www.bedbathandbeyond.com,,Big Box,#1c3cde,,https://www.bedbathandbeyond.com/store/cart,,false,,Thu Sep 19 2019 17:26:04 GMT-0400 (Eastern Daylight Time)
true,48911e72-ed93-4487-b892-3159901e8258,media-markt,media-markt,Media Markt,PDP_REDIRECT,https://www.mediamarkt.de,false,Electronics,#ee3338,#FFFFFF,https://www.mediamarkt.de,,false,,Wed Sep 30 2020 09:24:44 GMT-0400 (Eastern Daylight Time)
true,49237aa8-d9b9-5048-8347-8e81f24c1707,hy-vee,hy-vee,Hy-Vee,PDP_REDIRECT,https://www.hy-vee.com/,false,Food & Beverage,#E31E13,#FFFFFF,https://www.hy-vee.com/,,false,true,Wed May 06 2020 08:59:15 GMT-0400 (Eastern Daylight Time)
true,496006c4-a583-443e-b256-fc74f9015d3c,bh-photo,bh-photo,B&H Photo,FORM_SUBMISSION,https://www.bhphotovideo.com/bnh/controller/home?A=addToCart&Q=json&O=&q=undefined&sku=${SKU}&is=REG&addedTroughType=undefined,,Electronics,,,https://www.bhphotovideo.com/find/cart.jsp/BI/20964,,false,,Thu Feb 22 2018 13:50:55 GMT-0500 (EST)
true,496c9412-0a4d-cc14-c387-7b57569dd1f5,caskers,caskers,Caskers,PDP_REDIRECT,https://www.caskers.com/checkout,false,Food & Beverage,#000000,#FFFFFF,https://www.caskers.com/checkout,,false,true,Tue Jul 21 2020 15:10:23 GMT-0400 (Eastern Daylight Time)
true,4aad9849-e13f-3c26-04fb-00cfee6d8ff8,walmart-grocery,walmart-grocery,Walmart Grocery,PDP_REDIRECT,https://www.walmart.com/cart,false,Food & Beverage,,#FFFFFF,https://www.walmart.com/cart,,false,,Tue Feb 26 2019 10:05:45 GMT-0500 (Eastern Standard Time)
true,4b729b22-9610-3e2c-e0a9-896b2c2bcc96,ninja,ninja,Ninja,DIRECT_URL,https://www.ninjakitchen.com/cgi-bin/livew/site.w?location=b2c/retail-checkout.w&cartaction=update&src=F195&payplan=AG304&frames=no&target=main&sponsor=000007,,Electronics,#000000,,https://www.ninjakitchen.com/cgi-bin/livew/site.w?location=b2c/retail-shop-list.w&cartaction=&frames=no&target=main&sponsor=000007&lang=en-US,,false,,Fri Jan 24 2020 15:02:08 GMT-0500 (Eastern Standard Time)
true,4c619827-310c-4781-a31a-4de99f067aac,dicks,dicks-sporting-goods,Dick's Sporting Goods,FORM_SUBMISSION,https://m.dickssportinggoods.com/AjaxRESTOrderItemAdd,,Apparel & Footwear,"rgb(0,0,0)",,https://m.dickssportinggoods.com/OrderItemDisplay,,false,,Thu Feb 22 2018 13:52:58 GMT-0500 (EST)
true,4dd1e005-9639-234b-a42a-e6f64b7cfe25,nob-hill-foods,nob-hill-foods,Nob Hill Foods,PDP_REDIRECT,https://shop.raleys.com,false,Food & Beverage,#ee3227,#FFFFFF,https://shop.raleys.com/checkout/v2/cart,,false,,Wed Sep 23 2020 13:37:01 GMT-0400 (Eastern Daylight Time)
true,4f7406bf-d679-1177-6cea-b2bf891cac5b,minibar,minibar,MiniBar,PDP_REDIRECT,https://minibardelivery.com/api/v2/cart,false,Food & Beverage,#781113,#FFFFFF,https://minibardelivery.com/store/cart,,false,,Mon Aug 12 2019 14:26:31 GMT-0400 (Eastern Daylight Time)
true,5104dbd1-e7b0-4a91-82f3-cc8b97aca2ed,puma-sneakpeek,wegotsoccer-sneakpeek,WeGotSoccer Sneakpeek,PDP_REDIRECT,https://adrenaline.puma.sneakpeek.cc,false,Apparel & Footwear,#000000,"rgba(255, 255, 255, 1)",https://adrenaline.puma.sneakpeek.cc,,false,,Tue Aug 25 2020 14:23:27 GMT-0400 (Eastern Daylight Time)
true,519b5932-5f3d-38ff-269c-2e2aaba1e934,vons,vons,Vons,PDP_REDIRECT,https://www.vons.com,false,Food & Beverage,#ed1d24,#FFFFFF,https://www.vons.com,,false,true,Sun Jul 05 2020 13:45:24 GMT-0400 (Eastern Daylight Time)
true,52623eb9-60a1-4584-b7ae-0d831828413d,armani-beauty,armani-beauty,Armani Beauty,DIRECT_URL,https://www.giorgioarmanibeauty-usa.com/on/demandware.store/Sites-armani-us-Site/default/Cart-AddProduct,false,Beauty & Personal Care,#000000,,https://www.giorgioarmanibeauty-usa.com/cart,,false,,Mon Feb 17 2020 13:05:07 GMT-0500 (Eastern Standard Time)
true,57e24ffb-02f0-2f9e-b312-84dbaee9c699,burtsbees,burts-bees,Burt's Bees,DIRECT_URL,https://www.burtsbees.com/on/demandware.store/Sites-burtsbees-Site/default/Cart-AddProduct?,,Beauty & Personal Care,#ffc550,,https://www.burtsbees.com/cart,,false,,Mon Feb 25 2019 11:28:33 GMT-0500 (Eastern Standard Time)
true,58003bda-e5ce-c009-f17e-5128481ac08b,cvs,cvs,CVS,CUSTOM_REDIRECT_ONLY,https://www.cvs.com/checkout/fs/shoppingcart_items.jsp,false,Big Box,#b8241a,#FFFFFF,https://www.cvs.com/checkout/fs/shoppingcart_items.jsp,,false,,Tue Oct 30 2018 14:03:08 GMT-0400 (Eastern Daylight Time)
true,596956d7-6efb-fdfb-04f4-087e7ce24cd5,old-spice,old-spice,Old Spice,FORM_SUBMISSION,https://oldspice.com/remote/v1/cart/add,,Beauty & Personal Care,#b0000f,,https://oldspice.com/cart.php,,false,,Tue Jan 14 2020 14:07:57 GMT-0500 (Eastern Standard Time)
true,59c50fc0-9a44-74f9-9a73-7879dd3d35ae,meijer,meijer,Meijer,PDP_REDIRECT,https://www.meijer.com/checkout/add_item_to_order_thumbnail.cmd,false,Food & Beverage,#184c8c,#FFFFFF,https://www.meijer.com/shop/en/cart,,false,true,Mon Nov 11 2019 14:41:45 GMT-0500 (Eastern Standard Time)
true,5bf34829-3c72-486f-85dd-0603b5db79a0,bose,bose,Bose,PDP_REDIRECT,https://www.bose.com/en_us/my-cart.cart.html/addentry,false,Electronics,#000000,#FFFFFF,https://www.bose.com/en_us/my-cart.html,,true,,Thu Feb 22 2018 13:53:04 GMT-0500 (EST)
true,5d47d00d-133a-b2c9-f776-1e44b7f21b78,keurig,keurig,Keurig,PDP_REDIRECT,https://www.keurig.com,,Food & Beverage,#5b3327,,https://www.keurig.com/cart,,false,,Wed May 01 2019 10:26:37 GMT-0400 (Eastern Daylight Time)
true,5e7eeac6-cac6-ed41-f129-77a1ed4bbf47,hum-colgate,hum-by-colgate,Hum by Colgate,PDP_REDIRECT,https://hum.colgate.com/,false,Beauty & Personal Care,#ff544d,#FFFFFF,https://hum.colgate.com/,,false,,Mon Aug 17 2020 13:24:20 GMT-0400 (Eastern Daylight Time)
true,5eeb1199-46b8-937c-4dca-686c514ee6c0,ralph-lauren,ralph-lauren,Ralph Lauren,FORM_SUBMISSION,https://www.ralphlauren.com/on/demandware.store/Sites-RalphLauren_US-Site/default/Cart-AddProduct,,Apparel & Footwear,#051e39,,https://www.ralphlauren.com/cart,,false,,Wed Oct 16 2019 17:02:08 GMT-0400 (Eastern Daylight Time)
true,626ec4fb-4637-a145-2cf3-6b5af1d3c203,clarisonic,clarisonic,Clarisonic,PDP_REDIRECT,https://www.clarisonic.com/on/demandware.store/Sites-Clarisonic-US-Site/default/Cart-AddProduct,false,Beauty & Personal Care,#F68B1F,#FFFFFF,https://www.clarisonic.com/cart,,false,,Wed Jul 18 2018 11:23:55 GMT-0400 (Eastern Daylight Time)
true,62d574ee-8d35-0a83-51db-0e04141d84a5,flaviar,flaviar,Flaviar,PDP_REDIRECT,https://flaviar.com/bottles,false,,#000000,#b17e6e,https://flaviar.com/bottles,,false,,Mon Aug 03 2020 12:25:46 GMT-0400 (Eastern Daylight Time)
true,6381a5c0-f72d-b3c9-322c-f765cc2634e1,game-better-with-butterfinger,game-better-with-butterfinger,Game Better With Butterfinger,CUSTOM_REDIRECT_ONLY,https://gamewithbutterfinger.com/,false,Food & Beverage,#0061af,#FFFFFF,https://gamewithbutterfinger.com/,,false,,Mon Oct 26 2020 16:06:10 GMT-0400 (Eastern Daylight Time)
true,63ca17c9-1435-5259-a79b-b4859dff9092,clinique,clinique,Clinique,DIRECT_URL,https://m.clinique.com/checkout/viewcart.tmpl,,Beauty & Personal Care,#000000,,https://m.clinique.com/checkout/viewcart.tmpl,,false,,Mon Jun 17 2019 16:07:09 GMT-0400 (Eastern Daylight Time)
true,641c761c-183a-7e90-72c5-626315a2d9eb,smashbox,smashbox,Smashbox,DIRECT_URL,https://www.smashbox.com/checkout/viewcart.tmpl,,Beauty & Personal Care,#000000 ,,https://www.smashbox.com/checkout/viewcart.tmpl,,false,,Wed Jan 23 2019 16:42:49 GMT-0500 (Eastern Standard Time)
true,658679f1-52d6-7a62-0810-8fff88830d4d,sams-club,sams-club,Sam's Club,PDP_REDIRECT,https://www.samsclub.com/api/node/cartservice/v1/carts,,Big Box,#1866a2,,https://www.samsclub.com/sams/cart/cart.jsp,,false,,Mon Dec 02 2019 10:53:36 GMT-0500 (Eastern Standard Time)
true,66ef1340-55ae-d814-c1fa-571222dd0a3b,fred-meyer,fred-meyer,Fred Meyer,PDP_REDIRECT,https://www.fredmeyer.com/basket/api/v2/user/add-item,false,Food & Beverage,#375398,#FFFFFF,https://www.fredmeyer.com/cart,,false,true,Thu Jan 16 2020 10:05:27 GMT-0500 (Eastern Standard Time)
true,692766a6-807e-d821-a628-e641bf72b8f9,bose-germany,bose-germany,Bose Germany,PDP_REDIRECT,https://www.bose.de/,false,Electronics,#000000,#FFFFFF,https://www.bose.de/,,false,,Wed Sep 30 2020 09:17:01 GMT-0400 (Eastern Daylight Time)
true,69d9650f-cc7f-e899-cf97-349ad1bbf71e,bed-bath-and-beyond-ca,bed-bath-beyond-canada,Bed Bath & Beyond Canada,PDP_REDIRECT,https://www.bedbathandbeyond.ca/,false,Big Box,#000000,#FFFFFF,https://www.bedbathandbeyond.ca/,,false,,Fri Aug 21 2020 13:34:17 GMT-0400 (Eastern Daylight Time)
true,6aad81ff-4588-791e-8e90-3c1ca2bb09dd,zen,zen,Zen,PDP_REDIRECT,https://www.findzen.com/cart,false,,#000000,#FFFFFF,https://www.findzen.com/cart,,false,,Wed Jul 29 2020 09:44:20 GMT-0400 (Eastern Daylight Time)
true,6bede1bd-16de-053c-7fcf-ea5badeb1ff5,luekens,luekens-wine-and-spirits,Luekens Wine and Spirits,PDP_REDIRECT,https://luekensliquors.com,false,Food & Beverage,#a12641,#FFFFFF,https://luekensliquors.com,,false,,Fri Sep 18 2020 12:47:39 GMT-0400 (Eastern Daylight Time)
false,6d2fa9bc-4108-2ebd-4c30-fcc9fe51c0d9,tooFaced,too-faced,Too Faced,PDP_REDIRECT,https://www.toofaced.com/on/demandware.store/Sites-toofaced-Site/default/Cart-AddProduct,false,Beauty & Personal Care,#000000,#FFFFFF,https://www.toofaced.com/cart/,,true,,Wed Sep 26 2018 15:02:26 GMT-0400 (Eastern Daylight Time)
true,6e1dbc0a-b021-b684-7e3d-4ffb122002a1,specs,specs,Spec's,DIRECT_URL,https://specsonline.com/shop/,false,Food & Beverage,#000000,#FFFFFF,https://specsonline.com/cart,,false,,Tue Jun 30 2020 15:02:53 GMT-0400 (Eastern Daylight Time)
true,6f8ce9ad-e822-814e-67c1-ecc0f5047acb,heb-mx,heb-mexico,HEB Mexico,PDP_REDIRECT,https://www.heb.com.mx/checkout/cart/add/uenc,false,,#EE2E24,#FFFFFF,https://www.heb.com.mx/checkout/cart/,,false,,Mon Mar 09 2020 11:20:22 GMT-0400 (Eastern Daylight Time)
true,713dce62-3067-4479-90f1-462a366a393a,it-cosmetics,it-cosmetics,IT Cosmetics,DIRECT_URL,https://www.itcosmetics.com/on/demandware.store/Sites-itcosmetics-us-Site/default/Cart-AddProduct,false,Beauty & Personal Care,#f09cac,#FFFFFF,https://www.itcosmetics.com/cart,,true,,Thu Feb 22 2018 13:53:09 GMT-0500 (EST)
true,72881fa8-97f4-1994-92f6-d189d64d9c0a,urban-outfitters,urban-outfitters,Urban Outfitters,CUSTOM_REDIRECT_ONLY,https://www.urbanoutfitters.com/checkout/,false,Apparel & Footwear,#000000,#FFFFFF,https://www.urbanoutfitters.com/checkout/,,false,,Thu Oct 10 2019 11:51:18 GMT-0400 (Eastern Daylight Time)
false,738874b0-a2df-070d-7615-a95506d918f6,bosebuild,bose-build,Bose Build,DIRECT_URL,https://build.bose.com/cart/,false,Electronics,,#FFFFFF,https://build.bose.com/cart,,false,,Fri Oct 26 2018 17:47:56 GMT-0400 (Eastern Daylight Time)
true,758ebaf1-c73d-40e9-259a-23927edda542,dollar-general,dollar-general,Dollar General,PDP_REDIRECT,https://www.dollargeneral.com/checkout/cart/add,false,Big Box,#fff035,#000000,https://www.dollargeneral.com/checkout/cart,,false,,Mon Nov 25 2019 16:56:10 GMT-0500 (Eastern Standard Time)
true,76626454-b767-3d3c-bcaf-128b662e0483,neutrogena,neutrogena,Neutrogena,DIRECT_URL,https://neutrogena.com/on/demandware.store/Sites-Neutrogena-Site/default/Cart-AddProductApi,false,Beauty & Personal Care,#000000,#FFFFFF,https://www.neutrogena.com/cart,,false,,Fri Feb 28 2020 11:58:40 GMT-0500 (Eastern Standard Time)
true,767d748d-f8ce-6f50-7c6b-7219db6ddc64,sally-beauty,sally-beauty,Sally Beauty,PDP_REDIRECT,https://www.sallybeauty.com/on/demandware.store/Sites-SA-Site/default/Cart-AddProduct,false,,#CB1666,#FFFFFF,https://www.sallybeauty.com/cart/,,false,,Mon Mar 16 2020 11:46:49 GMT-0400 (Eastern Daylight Time)
true,771a1728-06bf-a024-0058-6af496501026,yoobi,yoobi,Yoobi,DIRECT_URL,https://yoobi.com/cart/,false,,#000000,#FFFFFF,https://yoobi.com/cart,,false,,Thu May 28 2020 15:43:53 GMT-0400 (Eastern Daylight Time)
true,7792e6fa-8332-9250-521b-252f87eb4e27,superdrug,superdrug,Superdrug,PDP_REDIRECT,https://www.superdrug.com/cart/add,,Big Box,#BC3B91,,https://www.superdrug.com/cart,,false,,Thu Feb 13 2020 15:01:54 GMT-0500 (Eastern Standard Time)
true,779e0daa-f1dc-e0b5-c496-cab1ccb3a74d,butterfinger,butterfinger,Butterfinger,PDP_REDIRECT,https://www.butterfinger.com/,false,Food & Beverage,#0061af,#FFFFFF,https://www.butterfinger.com/,,false,,Mon Sep 28 2020 17:37:07 GMT-0400 (Eastern Daylight Time)
false,77a8518c-f6bc-b864-861b-0aa4df8ca3bb,winky-lux,winky-lux,Winky Lux,DIRECT_URL,https://www.winkylux.com/cart/add.js,false,Beauty & Personal Care,"rgba(14, 225, 25, 1)",#FFFFFF,https://www.winkylux.com/cart,,false,,Mon Apr 01 2019 17:40:40 GMT-0400 (Eastern Daylight Time)
true,78ec42da-4532-e072-0a7d-17e2c814c6a6,tractor-supply-co,tractor-supply-co,Tractor Supply Co.,FORM_SUBMISSION,https://www.tractorsupply.com/AjaxOrderChangeServiceItemAdd,false,,#D12022,#FFFFFF,https://www.tractorsupply.com/TSCShoppingCartView,,false,,Mon Jun 22 2020 15:29:35 GMT-0400 (Eastern Daylight Time)
true,7c3b28d3-2d4f-33c7-ff9e-2e7becbae97b,qvc,qvc,QVC,CUSTOM_REDIRECT_ONLY,https://www.qvc.com/AddToCart?,false,Big Box,#eb5d5e,#FFFFFF,https://www.qvc.com/OrderItemDisplay,,false,,Thu Apr 11 2019 10:56:30 GMT-0400 (Eastern Daylight Time)
true,7c3ca961-30e4-3bf1-d9ff-1e6fff7a5d62,bel-air,bel-air,Bel Air,PDP_REDIRECT,https://shop.raleys.com,false,Food & Beverage,#ee2f24,#FFFFFF,https://shop.raleys.com/checkout/v2/cart,,false,,Wed Sep 23 2020 13:17:30 GMT-0400 (Eastern Daylight Time)
true,7d3f3d1a-e9a8-cfe6-a1a6-b4081c686df4,owens-market,owens,Owen's,PDP_REDIRECT,https://www.owensmarket.com/basket/api/v2/user/add-item,false,Food & Beverage,#375398,#FFFFFF,https://www.owensmarket.com/cart,,false,true,Thu Jan 16 2020 10:47:19 GMT-0500 (Eastern Standard Time)
true,7effd2ed-4b17-37be-7517-1b2806a830ab,hersheys,hersheys,Hershey's,PDP_REDIRECT,https://shop.hersheys.com/on/demandware.store/Sites-hersheystore-Site/en_US/Cart-AddProduct,false,,#33040F,#FFFFFF,https://shop.hersheys.com/cart,,false,,Thu Mar 26 2020 14:57:01 GMT-0400 (Eastern Daylight Time)
true,7f046635-3016-4162-82fb-0df119c24c6b,benefit,benefit,Benefit,FORM_SUBMISSION,https://www.benefitcosmetics.com/us/en/cart/ajax/add/${SKU}/1,,Beauty & Personal Care,,,https://www.benefitcosmetics.com/us/en/cart,,false,,Thu Feb 22 2018 13:53:14 GMT-0500 (EST)
true,8009b305-5d2d-dbf0-9007-f9a18539e9d3,happy-family-organics,happy-family-organics,Happy Family Organics,PDP_REDIRECT,https://www.happyfamilyorganics.com/,false,,#f15122,#FFFFFF,https://www.happyfamilyorganics.com/,,false,,Fri Oct 02 2020 10:53:40 GMT-0400 (Eastern Daylight Time)
true,81a02bd2-9972-49df-07dd-97fb7208a8d7,glamglow,glamglow,GLAMGLOW,FORM_SUBMISSION,https://m.glamglow.com/rpc/checkout/viewcart.tmpl,,Beauty & Personal Care,#000000,,https://m.glamglow.com/checkout/viewcart.tmpl,,false,,Wed Nov 14 2018 13:37:37 GMT-0500 (Eastern Standard Time)
true,83674d34-7bdd-f233-f265-49364ef757c9,exact-fit-shop,exact-fit-shop,Exact Fit Shop,DIRECT_URL,https://exactfitshop.com/cart/,false,Apparel & Footwear,,#FFFFFF,https://exactfitshop.com/cart,,true,,Mon Mar 26 2018 10:24:13 GMT-0400 (EDT)
true,8797bf8c-d062-25f2-f62d-a445387743d9,officedepot,office-depot,Office Depot,FORM_SUBMISSION,https://www.officedepot.com/cart/addSkuByButtonSecure.do?ajaxATCRequest=true&sourcePage=&cmd_addSKU.button.INDEX[0]=Add%20to%20Cart,,Electronics,,,https://www.officedepot.com/cart/updateRouter.do,,false,,Thu Jan 31 2019 17:20:48 GMT-0500 (Eastern Standard Time)
true,8999e4aa-75e9-4fef-f0a0-12a73f269b51,each-every,each-every,Each & Every,DIRECT_URL,https://eachandevery.com/cart/add,false,Beauty & Personal Care,#000000,#FFFFFF,https://eachandevery.com/cart,,false,,Thu May 30 2019 13:10:40 GMT-0400 (Eastern Daylight Time)
true,8b0604ae-8e5e-f99f-6584-932fd02e79dc,tomford,tom-ford,TOM FORD,DIRECT_URL,https://www.tomford.com/on/demandware.store/Sites-tomford-Site/default/Cart-AddProduct?,,Apparel & Footwear,#000000,,https://www.tomford.com/cart,,false,,Thu Oct 25 2018 15:17:59 GMT-0400 (Eastern Daylight Time)
true,8b5f74d1-2db9-4cda-8c9c-4cbdd04c5923,estee-lauder-uk,este-lauder,Est√©e Lauder,FORM_SUBMISSION,https://m.esteelauder.co.uk/checkout/viewcart.tmpl,,Beauty & Personal Care,,,https://m.esteelauder.co.uk/checkout/viewcart.tmpl,,true,,Thu Feb 22 2018 13:53:19 GMT-0500 (EST)
false,8c7c3585-6cfa-9712-b73b-abfd5a6545c5,adidas-fr,adidas-france,Adidas France,DIRECT_URL,https://www.adidas.fr/cart/restore,,Apparel & Footwear,#000000,,https://www.adidas.fr/on/demandware.store/Sites-adidas-FR-Site/fr_FR/Cart-Show,,false,,Mon Apr 29 2019 18:14:03 GMT-0400 (Eastern Daylight Time)
true,8e109653-3533-4ee8-9b9b-f7c2947acfc7,dr-brandt,dr-brandt,Dr. Brandt,DIRECT_URL,https://www.drbrandtskincare.com/cart/add.js,false,Beauty & Personal Care,,#FFFFFF,https://www.drbrandtskincare.com/cart,,false,,Thu Feb 22 2018 13:53:25 GMT-0500 (EST)
true,8fce0fda-fb97-4102-e8a0-9480677e0c62,dollar-tree,dollar-tree,Dollar Tree,CUSTOM_REDIRECT_ONLY,https://www.dollartree.com/,false,Big Box,#222020,#FFFFFF,https://www.dollartree.com/,,false,,Fri Oct 23 2020 10:04:16 GMT-0400 (Eastern Daylight Time)
true,8ff82fe3-bf61-26ea-7ab9-3bfb37670126,carrefour-france,carrefour-france,Carrefour France,PDP_REDIRECT,https://www.carrefour.fr/,false,,#34348e,#FFFFFF,https://www.carrefour.fr/,,false,,Mon Oct 12 2020 10:01:25 GMT-0400 (Eastern Daylight Time)
true,914d0f09-6f99-d3a6-36c7-41ea36560575,shiseido,shiseido,Shiseido,PDP_REDIRECT,https://www.shiseido.com/on/demandware.store/Sites-shiseido_us-Site/en_US/Cart-AddProduct,false,Beauty & Personal Care,#c8102e,#FFFFFF,https://www.shiseido.com/cart,,false,,Wed Oct 24 2018 13:29:45 GMT-0400 (Eastern Daylight Time)
true,91866837-fdab-444d-a2ca-5cae0c5e533d,sk-ii,sk-ii,SK-II,DIRECT_URL,https://www.sk-ii.com/on/demandware.store/Sites-SKII-Site/default/Cart-MultiAddProduct,,Beauty & Personal Care,#800020,,https://www.sk-ii.com/cart,,false,,Tue Mar 05 2019 10:04:11 GMT-0500 (Eastern Standard Time)
true,91a50203-71f2-c088-0f92-d9d5f44c3e60,cafe-bustelo,cafe-bustelo,Cafe Bustelo,PDP_REDIRECT,https://www.cafebustelo.com,false,Food & Beverage,#1E376D,,https://en-secure.cafebustelo.com/checkout/cart/,,false,,Wed May 20 2020 15:38:57 GMT-0400 (Eastern Daylight Time)
true,91fc597d-ca39-fdc7-749e-1103dec0dfff,hairfood,hair-food,Hair Food,FORM_SUBMISSION,https://hairfood.com/remote/v1/cart/add,,Beauty & Personal Care,#bb8d70,,https://hairfood.com/cart.php,,false,,Tue Jan 29 2019 17:44:29 GMT-0500 (Eastern Standard Time)
true,92915674-20dc-bf22-a044-afd8c355f5f4,aldi-uk,aldi-uk,Aldi Uk,PDP_REDIRECT,https://www.aldi.co.uk/,false,Big Box,#15215a,#FFFFFF,https://www.aldi.co.uk/,,false,,Mon Oct 12 2020 10:15:34 GMT-0400 (Eastern Daylight Time)
true,9460efbf-37f3-daed-34a0-0f592f7f7e88,build,build,Build,PDP_REDIRECT,https://build.com,false,Big Box,#66676c,#000000,https://build.com,,false,,Thu Sep 24 2020 17:52:14 GMT-0400 (Eastern Daylight Time)
true,9502ac6a-3630-66aa-718e-1c80c3a1082e,reserve-bar,reservebar,ReserveBar,DIRECT_URL,https://www.reservebar.com/cart,false,Food & Beverage,#b58f49,#FFFFFF,https://www.reservebar.com/checkout,,false,,Mon Aug 26 2019 16:36:48 GMT-0400 (Eastern Daylight Time)
true,9529abb3-412d-adca-e4a3-0eebcee082ee,peter-thomas-roth,peter-thomas-roth,Peter Thomas Roth,DIRECT_URL,https://www.peterthomasroth.com/on/demandware.store/Sites-PeterThomasRoth-Site/en_US/Cart-AddProduct,false,Beauty & Personal Care,#000000,,https://www.peterthomasroth.com/cart,,false,,Tue Feb 11 2020 21:37:26 GMT-0500 (Eastern Standard Time)
true,953b0efb-7075-4748-d322-bf7716959443,testcart,test-cart,Test Cart,DIRECT_URL,test2.com,false,,,#FFFFFF,test1.com,,true,,Wed Feb 28 2018 14:55:22 GMT-0500 (EST)
true,957c3c61-26dd-4b0b-ac35-b23b4c7bc3da,zappos,zappos,Zappos,PDP_REDIRECT,https://m.zappos.com/cartAddItem.do,false,Apparel & Footwear,"(1,118,189)",#FFFFFF,https://m.zappos.com/cart,,true,,Thu Feb 22 2018 13:53:30 GMT-0500 (EST)
true,9e19cf65-b8bb-fcdc-6801-aa80bc6cbe4c,carols-daughter,carols-daughter,Carol's Daughter,DIRECT_URL,https://www.carolsdaughter.com/on/demandware.store/Sites-carolsdaughter-us-Site/default/Cart-AddProduct,false,Beauty & Personal Care,#E5E1DC,#000000,https://www.carolsdaughter.com/cart,,false,,Fri Jul 20 2018 14:54:54 GMT-0400 (Eastern Daylight Time)
true,9f78304a-5acd-e371-c5ff-7160943ccb98,ulta,ulta,Ulta,FORM_SUBMISSION,https://www.ulta.com/ulta/common/productQuickViewSummary.jsp?,false,Beauty & Personal Care,#f27338,#FFFFFF,https://www.ulta.com/bag?cmpid=o_ig_mikmak,,false,,Thu Aug 16 2018 11:40:26 GMT-0400 (Eastern Daylight Time)
true,a08dff86-4e0b-7439-b415-0a1ec9915eb7,elemis,elemis,ELEMIS,DIRECT_URL,https://www.elemis.com/us/cart/index/addproducts/items,,Beauty & Personal Care,#0f213a,,https://www.elemis.com/us/checkout/cart/,,false,,Mon Mar 04 2019 15:04:14 GMT-0500 (Eastern Standard Time)
true,a0f36d61-8bc7-f820-5a05-3ba246f6e994,city-market,city-market,City Market,PDP_REDIRECT,https://www.citymarket.com/basket/api/v2/user/add-item,false,Food & Beverage,#375398,#FFFFFF,https://www.citymarket.com/cart,,false,true,Thu Jan 16 2020 10:03:08 GMT-0500 (Eastern Standard Time)
true,a11775c5-3811-9cd6-a795-4ff53a2c167f,frys-food,frys-food-stores,Fry's Food Stores,PDP_REDIRECT,https://www.frysfood.com,false,Food & Beverage,#375398,#FFFFFF,https://www.frysfood.com/cart,,false,true,Thu Jan 16 2020 10:09:38 GMT-0500 (Eastern Standard Time)
true,a15808db-85a0-013c-d718-5afc67e5d50d,abc-fws,abc-fine-wine-and-spirits,ABC Fine Wine and Spirits,PDP_REDIRECT,https://www.abcfws.com/ccstoreui/v1/orders/price,false,Food & Beverage,#3b3630,#FFFFFF,https://www.abcfws.com/cart,,false,,Tue Feb 04 2020 09:36:20 GMT-0500 (Eastern Standard Time)
true,a175ab9a-df1e-c829-ff4f-8df16cca9b51,button,button-test,Button Test,PDP_REDIRECT,https://r.bttn.io/,false,Electronics,#000000,,https://r.bttn.io/,,false,,Thu Feb 27 2020 16:41:20 GMT-0500 (Eastern Standard Time)
true,a43ac044-d928-1351-ae6e-defcd09b7f6f,enfamil,enfamil,Enfamil,PDP_REDIRECT,https://shop.enfamil.com/cart,false,,#0251a3,,https://shop.enfamil.com/cart,,false,,Thu Jun 25 2020 11:07:23 GMT-0400 (Eastern Daylight Time)
true,a4482a49-95eb-b4d8-d1fc-1d50bffde7e8,home-depot,home-depot,Home Depot,PDP_REDIRECT,https://www.homedepot.com/,false,Big Box,#ee7126,#FFFFFF,https://www.homedepot.com/,,false,,Fri Aug 21 2020 13:23:56 GMT-0400 (Eastern Daylight Time)
true,a4ec9670-2988-d6a7-b9bc-a7cad6c35c7f,chewy,chewy,Chewy,DIRECT_URL,https://www.chewy.com/app/buy,false,,#128ded,#FFFFFF,https://www.chewy.com/app/cart,,false,,Wed Jun 24 2020 14:00:50 GMT-0400 (Eastern Daylight Time)
true,a5db0a4e-6ed4-9508-5b8a-cb2d1a9807ae,food-4-less,food4less,Food4Less,PDP_REDIRECT,https://www.food4less.com,false,Food & Beverage,#375398,,https://www.food4less.com/cart,,false,true,Wed Jul 01 2020 18:42:34 GMT-0400 (Eastern Daylight Time)
true,a7b8c964-e489-c0b0-7ec3-5846ed5b6af7,binnys,binnys-beverage-depot,Binny's Beverage Depot,PDP_REDIRECT,https://www.binnys.com/checkout/cart/add/uenc,,Food & Beverage,#af1309,,https://www.binnys.com/checkout/cart/,,false,,Tue Feb 04 2020 23:06:02 GMT-0500 (Eastern Standard Time)
true,aad45cc9-53f7-4cef-5491-6ea6db37e92a,pay-less,pay-less,Pay Less,PDP_REDIRECT,https://www.pay-less.com/basket/api/v2/user/add-item,false,Food & Beverage,#375398,#FFFFFF,https://www.pay-less.com/cart,,false,true,Thu Jan 16 2020 10:50:23 GMT-0500 (Eastern Standard Time)
true,abce67d5-0cce-c416-cb63-74b775444ce4,shark,shark,Shark,DIRECT_URL,https://checkout.sharkclean.com/cgi-bin/livew/site.w?location=b2c/retail-checkout.w&cartaction=update&src=F232&payplan=AZ4850&frames=no&target=main&sponsor=000006,false,Electronics,#602976,#FFFFFF,https://checkout.sharkclean.com/cgi-bin/livew/site.w?location=b2c/retail-shop-list.w&cartaction=cancel&frames=no&target=main&sponsor=000006&lang=en-US,,false,,Fri Jan 24 2020 14:03:45 GMT-0500 (Eastern Standard Time)
true,ac840fe1-b53e-1816-8bb7-1fef6ccf4afd,jonathan-adler,jonathan-adler,Jonathan Adler,PDP_REDIRECT,https://jonathanadler.com,false,Electronics,#002d62,#FFFFFF,https://jonathanadler.com,,false,,Mon Sep 21 2020 14:48:48 GMT-0400 (Eastern Daylight Time)
true,ad54a4d3-60a2-89b0-51a8-472a72f8be16,wine.com,winecom,wine.com,PDP_REDIRECT,https://www.wine.com/api/cart,,Food & Beverage,#d61d2c,,https://www.wine.com/cart,,false,,Mon Aug 12 2019 15:34:35 GMT-0400 (Eastern Daylight Time)
true,ad62530c-8716-514f-ac9d-11e0a4ecf929,walmart-affil,walmart-affil,Walmart Affil,PDP_REDIRECT,http://affil.walmart.com/cart/addToCart,false,,#347ebf,#FFFFFF,https://www.walmart.com/cart,,false,,Mon Apr 08 2019 10:18:18 GMT-0400 (Eastern Daylight Time)
true,b0a9398f-d885-737c-109f-dd236b725037,lowes,lowes,Lowes,PDP_REDIRECT,https://www.lowes.com/cart/cartitem,false,Big Box,#004990,#FFFFFF,https://www.lowes.com/cart,,false,,Thu Apr 16 2020 14:57:08 GMT-0400 (Eastern Daylight Time)
true,b4aacd17-b10a-f9c1-325e-1294221f89fe,safeway,safeway,Safeway,PDP_REDIRECT,https://www.safeway.com,false,Food & Beverage,#d6232b,#FFFFFF,https://www.safeway.com,,false,true,Sun Jul 05 2020 13:23:49 GMT-0400 (Eastern Daylight Time)
true,b50adc47-7e8c-de20-197b-6f0fa6c18e27,raleys,raleys,Raley's,PDP_REDIRECT,https://shop.raleys.com,false,Food & Beverage,#ff0200,#FFFFFF,https://shop.raleys.com/checkout/v2/cart,,false,,Wed Jul 08 2020 21:15:17 GMT-0400 (Eastern Daylight Time)
true,b51cfd02-446f-5338-5cc8-79fb336a142f,valentino,valentino,Valentino,CUSTOM_REDIRECT_ONLY,https://www.valentino.com/yTos/Plugins/itemPlugin/AddProductToShoppingBagAsync,false,Apparel & Footwear,#000000,#FFFFFF,https://www.valentino.com/us/OnePageCheckout/Cart,,false,,Fri Dec 06 2019 18:02:22 GMT-0500 (Eastern Standard Time)
true,b66ffe4b-78ae-2772-2baa-dccefdbde28d,cocktail-courier,cocktail-courier,Cocktail Courier,PDP_REDIRECT,https://www.cocktailcourier.com/wp-admin/admin-ajax.php,,Food & Beverage,#f56634,,https://www.cocktailcourier.com/checkout/cart/,,false,,Fri Aug 23 2019 09:24:00 GMT-0400 (Eastern Daylight Time)
true,b7662ae8-3440-5b25-5f55-b0d22319ab6e,lauramercier,laura-mercier,Laura Mercier,DIRECT_FORM_SUBMISSION,https://www.lauramercier.com/on/demandware.store/Sites-lauramercier_us-Site/default/Cart-AddProduct,,Beauty & Personal Care,#000000,,https://www.lauramercier.com/cart,,false,,Thu Jan 31 2019 11:57:38 GMT-0500 (Eastern Standard Time)
true,b9ac5099-0c5b-21ec-ca12-c0e35d4cb02c,heb,heb,HEB,PDP_REDIRECT,https://www.heb.com/commerce-api/v1/cart/item,false,Food & Beverage,#EE2E24,#FFFFFF,https://www.heb.com/cart/,,false,true,Tue Jan 21 2020 18:26:26 GMT-0500 (Eastern Standard Time)
true,ba5e876f-6554-2866-6215-c1a6e1bf9915,walgreens,walgreens,Walgreens,AJAX_REQUEST,https://www.walgreens.com/,false,Big Box,#E31837,#FFFFFF,https://www.walgreens.com/store/checkout/cart.jsp,,false,,Thu Mar 28 2019 14:27:30 GMT-0400 (Eastern Daylight Time)
true,bcc97561-db5a-d350-489c-0c00b68fb838,kroger,kroger,Kroger,PDP_REDIRECT,https://www.kroger.com,false,Food & Beverage,#0068b3,#FFFFFF,https://www.kroger.com/shopping/cart,,false,true,Fri Feb 08 2019 11:54:56 GMT-0500 (Eastern Standard Time)
true,bcda5d73-f43c-7783-4122-c2a2c8b19352,total-wine,total-wine,Total Wine,PDP_REDIRECT,https://www.totalwine.com/product/api/cart/cart/v1/cart/entries?returnCart=true&stockAvailableMessage=true,,Food & Beverage,#E1202B,,https://www.totalwine.com/cart/,,false,,Tue Feb 04 2020 17:39:08 GMT-0500 (Eastern Standard Time)
true,bce18f30-1209-0ea0-1997-44a113965d3d,aha,aha,AHA,PDP_REDIRECT,https://www.drinkaha.com,false,Food & Beverage,#FF4C56,#FFFFFF,https://www.drinkaha.com,,false,,Fri May 22 2020 13:43:44 GMT-0400 (Eastern Daylight Time)
true,bdc13278-04b5-648b-fb87-ebb406056785,maison-margiela,maison-margiela,Maison Margiela,PDP_REDIRECT,https://www.maisonmargiela-fragrances.us/en_US/cart,false,Apparel & Footwear,#000000,#FFFFFF,https://www.maisonmargiela-fragrances.us/en_US/cart,,false,,Fri Sep 18 2020 18:06:36 GMT-0400 (Eastern Daylight Time)
false,bef61477-e27a-fd74-c8dc-b1fcce45f60a,walgreens-dev,walgreens-dev,Walgreens Dev,DIRECT_URL,https://m-qa2.walgreens.com/cart/v1/carttransfer,false,Big Box,#E31837,#FFFFFF,https://m-qa2.walgreens.com/cart/view-ui,,false,,Thu Apr 09 2020 09:45:25 GMT-0400 (Eastern Daylight Time)
true,bf34c757-b1e3-b7fb-9a2d-2696ac2cfca1,spirit-halloween,spirit-halloween,Spirit Halloween,PDP_REDIRECT,https://www.spirithalloween.com,false,,#000000,#FFFFFF,https://www.spirithalloween.com/checkout/basket.jsp,,false,,Fri Sep 25 2020 17:55:18 GMT-0400 (Eastern Daylight Time)
true,bf45fbe0-8092-21f9-5eb4-de0b99f7f8ca,harris-teeter,harris-teeter,Harris Teeter,PDP_REDIRECT,https://www.harristeeter.com/,false,Food & Beverage,#CC2131,#FFFFFF,https://www.harristeeter.com/shop/store/327/cart,,false,,Fri May 08 2020 08:07:02 GMT-0400 (Eastern Daylight Time)
true,c0805d3b-1964-aba2-c3a7-318cd59e59c7,hsn,hsn,HSN,PDP_REDIRECT,https://www.hsn.com/bag/add-to-bag,false,,#1D69B3,#FFFFFF,https://www.hsn.com/checkout/bag,,false,,Tue May 05 2020 08:15:36 GMT-0400 (Eastern Daylight Time)
true,c154bb93-b0e7-39e7-0923-69bed1bd854d,lego,lego,LEGO,DIRECT_URL,https://www.lego.com/cart,,,#000000,,https://www.lego.com/en-us/cart,,false,,Mon Jan 28 2019 14:01:37 GMT-0500 (Eastern Standard Time)
true,c1e43329-779b-e1e9-dced-29e612a49fca,joy-canada,joy-canada,Joy Canada,PDP_REDIRECT,https://joyshave.ca/en-ca/get-joy/,false,Beauty & Personal Care,#e0457b,#ffffff,https://joyshave.ca/en-ca/get-joy/,,false,,Mon Aug 17 2020 13:47:15 GMT-0400 (Eastern Daylight Time)
true,c313aa1f-19fe-2d88-0a92-bedc267b76f6,butterfinger-case-files,butterfinger-case-files,Butterfinger Case Files,PDP_REDIRECT,https://butterfingercasefiles.com,false,,#0061af,#FFFFFF,https://butterfingercasefiles.com,,false,,Fri Sep 25 2020 12:45:54 GMT-0400 (Eastern Daylight Time)
true,c3861cdd-7968-45e9-2a48-e2bbf49e4c95,oral-b,oral-b,Oral B,DIRECT_URL,https://oralb.com/cart.php?action=buy&sku=,false,Beauty & Personal Care,,#FFFFFF,https://oralb.com/cart.php,,false,,Thu Apr 02 2020 17:43:42 GMT-0400 (Eastern Daylight Time)
true,c45ddbd1-183c-bcc7-352e-ee22eb63c7ee,jomalone,jo-malone-london,Jo Malone London,DIRECT_URL,https://m.jomalone.com/checkout/viewcart.tmpl,,Beauty & Personal Care,#cc0302,,https://m.jomalone.com/checkout/viewcart.tmpl,,false,,Wed Oct 31 2018 15:57:40 GMT-0400 (Eastern Daylight Time)
true,c4f35562-16a8-5b09-4b96-94e18ce2d175,walmart-ca,walmart-canada,Walmart Canada,PDP_REDIRECT,https://www.walmart.ca,false,Big Box,#347ebf,#FFFFFF,https://www.walmart.ca/cart,,false,,Wed May 01 2019 18:47:19 GMT-0400 (Eastern Daylight Time)
true,c51a7e34-92e9-5343-0850-fe397bd344a9,zevo,zevo,Zevo,DIRECT_URL,https://www.zevoinsect.com/cart/add?,false,,,#FFFFFF,https://www.zevoinsect.com/cart,,false,,Fri Jun 15 2018 10:32:20 GMT-0400 (EDT)
true,c64d78c9-e282-ed44-a662-105d300a5dc8,jayc,jayc,JayC,PDP_REDIRECT,https://www.jaycfoods.com,false,Food & Beverage,#cc2728,#FFFFFF,https://www.jaycfoods.com/cart,,false,true,Thu Jul 02 2020 09:28:12 GMT-0400 (Eastern Daylight Time)
true,c8654580-701f-d36f-0c0f-1b862e4b1bb7,saucey,saucey,Saucey,PDP_REDIRECT,saucey.com,false,Food & Beverage,#FA6446,,https://www.saucey.com/checkout,,false,,Tue May 12 2020 16:58:23 GMT-0400 (Eastern Daylight Time)
true,c865eba8-b83c-0720-f049-47eb9b88b97a,the-art-of-shaving,the-art-of-shaving,The Art of Shaving,PDP_REDIRECT,https://www.theartofshaving.com/on/demandware.store/Sites-TAOS-Site/default/Cart-AddProduct,,Beauty & Personal Care,"rgba(146, 112, 58, 1)",,https://www.theartofshaving.com/checkout,,false,,Thu Nov 14 2019 15:22:01 GMT-0500 (Eastern Standard Time)
true,c9568f7f-6c3a-43a1-9d45-193d17ab777f,lancome,lancome,Lancome,DIRECT_URL,https://www.lancome-usa.com/on/demandware.store/Sites-lancome-us-Site/default/Cart-AddProduct,false,Beauty & Personal Care,#000000,#FFFFFF,https://www.lancome-usa.com/cart,,true,,Thu Feb 22 2018 13:53:35 GMT-0500 (EST)
true,c9f4931b-5a23-ec07-12cf-02eea255a449,olay,olay,Olay,DIRECT_URL,https://www.olay.com/cart.php,,Beauty & Personal Care,#000000,,https://www.olay.com/cart.php,,false,,Tue Oct 02 2018 08:54:13 GMT-0700 (Pacific Daylight Time)
true,cbc37164-48d0-fffd-b6c7-fef404c64bac,narsuk,nars-uk,Nars UK,PDP_REDIRECT,https://www.narscosmetics.co.uk/on/demandware.store/Sites-nars_emea-Site/en_GB/Cart-AddProduct,false,Beauty & Personal Care,#000000,#FFFFFF,https://www.narscosmetics.co.uk/en/cart,,false,,Thu Dec 06 2018 12:15:15 GMT-0500 (Eastern Standard Time)
true,cc36ad3f-9842-4c96-99dc-222f5f80ad38,cr7,cr7com,CR7.com,DIRECT_URL,https://cr7.com/cart/add.js,false,Apparel & Footwear,,#FFFFFF,https://cr7.com/cart?locale=en,,false,,Thu Feb 22 2018 13:53:40 GMT-0500 (EST)
true,cd13d275-d610-bc14-4b11-f125d67be684,loblaws,loblaws,Loblaws,CUSTOM_REDIRECT_ONLY,https://api.pcexpress.ca/v1/carts,false,Big Box,#000000,#FFFFFF,https://www.loblaws.ca/cartReview,,false,,Mon Dec 09 2019 08:24:13 GMT-0500 (Eastern Standard Time)
true,cd25d8a2-e842-7981-5906-3b0151c957f9,qfc,qfc,QFC,PDP_REDIRECT,https://www.qfc.com/basket/api/v2/user/add-item,false,Food & Beverage,,#FFFFFF,https://www.qfc.com/cart,,false,true,Wed Mar 04 2020 16:45:18 GMT-0500 (Eastern Standard Time)
true,ce9dafd7-c40b-678f-92f4-d18407286b85,thrive-market,thrive-market,Thrive Market,PDP_REDIRECT,https://thrivemarket.com/,false,Food & Beverage,#000000,#FFFFFF,https://thrivemarket.com/,,false,,Fri Oct 02 2020 11:07:24 GMT-0400 (Eastern Daylight Time)
true,d05b631c-42a3-c2e0-a14b-44577e9ed9bf,just-for-men,just-for-men,Just For Men,DIRECT_URL,https://www.justformen.com/cart,,Beauty & Personal Care,#785c51,,https://www.justformen.com/checkout/cart/index/,,false,,Wed Mar 13 2019 15:57:55 GMT-0400 (Eastern Daylight Time)
true,d06e1fe6-640d-9255-44b0-b397006e88fd,gnc,gnc,GNC,PDP_REDIRECT,https://www.gnc.com/on/demandware.store/Sites-GNC2-Site/default/Cart-AddProduct,false,,#EE203F,#FFFFFF,https://www.gnc.com/checkout,,false,,Wed Jun 10 2020 11:39:26 GMT-0400 (Eastern Daylight Time)
true,d1620f66-629c-feba-10e9-e55fe6ff8348,drizly,drizly,Drizly,PDP_REDIRECT,https://drizly.com/cart/add,,Food & Beverage,#2a3e51,,https://drizly.com/cart,,false,,Mon Aug 12 2019 14:04:34 GMT-0400 (Eastern Daylight Time)
true,d4b14520-c3c8-3c25-b0d3-e2f9113cdfa4,elf-cosmetics,elf-cosmetics,elf cosmetics,DIRECT_URL,https://www.elfcosmetics.com/additems,,Beauty & Personal Care,#000000,,https://www.elfcosmetics.com/shopping-bag,,false,,Mon Jun 17 2019 17:52:24 GMT-0400 (Eastern Daylight Time)
true,d4c68d9e-b873-6a44-4a0a-49055ae0eff5,cledePeauBeaute,cle-de-peau-beaute,Cle de Peau Beaute,PDP_REDIRECT,https://www.cledepeaubeaute.com/on/demandware.store/Sites-CPB-Site/default/Cart-AddProduct,false,Beauty & Personal Care,#081f2c,#FFFFFF,https://www.cledepeaubeaute.com/cart/,,false,,Thu Oct 11 2018 15:46:52 GMT-0400 (Eastern Daylight Time)
true,d4d1c7d1-2cf6-5fcc-2a2e-f3491965b223,astor-wines,astor-wines,Astor Wines,PDP_REDIRECT,https://www.astorwines.com/SearchResultsSingle.aspx?p=1&search=18174&searchtype=Contains&rel=dailyFeatures,,Food & Beverage,#910016,,https://www.astorwines.com/ShoppingCart.aspx,,false,,Wed Feb 05 2020 14:47:30 GMT-0500 (Eastern Standard Time)
true,d554beab-7e19-022b-99e1-4c5f9d0abf7c,nexxus,nexxus,Nexxus,FORM_SUBMISSION,https://www.nexxus.com/en/us/add-product?,,Beauty & Personal Care,,,https://www.nexxus.com/en/us/cart,,true,,Tue Jul 10 2018 17:57:13 GMT-0400 (Eastern Daylight Time)
true,d5741150-c95e-fef4-4e4c-7ff253adabf6,jet,jet,Jet,PDP_REDIRECT,https://jet.com/proxy/api/cart/sync,false,Big Box,#350060,#FFFFFF,https://jet.com/cart,,false,,Mon Jan 06 2020 12:12:04 GMT-0500 (Eastern Standard Time)
true,d6e13c1d-0ac9-4b2a-aea8-b8f8e0d91e43,walmart,walmart,Walmart,DIRECT_URL,https://www.walmart.com/cart,true,Big Box,#347ebf,#FFFFFF,https://www.walmart.com/cart,,true,,Thu Feb 22 2018 13:53:52 GMT-0500 (EST)
true,d72e8c12-c4d2-1bc7-9f0f-648fc9986771,costco,costco,Costco,CUSTOM_REDIRECT_ONLY,https://www.costco.com/AjaxManageShoppingCartCmd,false,Big Box,#1760AA,#FFFFFF,https://www.costco.com/CheckoutCartDisplayView,,false,,Wed Jan 29 2020 12:11:37 GMT-0500 (Eastern Standard Time)
true,d9cb3a23-15aa-11e1-793e-d00aef908ca0,marianos,marianos,Mariano's,PDP_REDIRECT,https://www.marianos.com/,false,Food & Beverage,#cc2728,#FFFFFF,https://www.marianos.com/cart,,false,true,Fri Jul 10 2020 14:02:31 GMT-0400 (Eastern Daylight Time)
true,db395354-83e0-e2f0-64be-8f3c9ead2673,sephora,sephora,Sephora,PDP_REDIRECT,https://m.sephora.com/api/shopping-cart/basket/items?dcs_action=additemtocart,false,Beauty & Personal Care,#000000,#FFFFFF,https://m.sephora.com/basket,,false,,Tue Aug 21 2018 15:34:41 GMT-0400 (Eastern Daylight Time)
true,dc7bf40b-e960-1117-d602-f7ef497f6244,foot-locker,foot-locker,Foot Locker,PDP_REDIRECT,https://www.footlocker.com/cart,false,Apparel & Footwear,#000000,#FFFFFF,https://www.footlocker.com/cart,,false,,Fri Jul 24 2020 08:52:14 GMT-0400 (Eastern Daylight Time)
true,dca5917d-2b5c-56a0-274b-448b5432930c,sheaMoisture,sheamoisture,SheaMoisture,FORM_SUBMISSION,https://www.sheamoisture.com/on/demandware.store/Sites-shm-us-Site/en_US/Cart-AddProduct,,Beauty & Personal Care,#de6060,,https://www.sheamoisture.com/bag,,false,,Mon May 13 2019 15:55:36 GMT-0400 (Eastern Daylight Time)
true,dcee8180-30de-59c0-9da3-68452df7998f,amazon-uk,amazon-uk,Amazon UK,DIRECT_URL,https://www.amazon.co.uk/gp/aws/cart/add.html?Access+Key+ID=AKIAI6XNLHWSKFN3STGQ&Associate+Tag=mikmakattach-20&ASIN.1=${SKU}&Quantity.1=1&add=add,,Big Box,#f09b3a,,https://www.amazon.co.uk/gp/cart/view.html?ref=nav_cart,,true,,Mon Oct 01 2018 09:04:08 GMT-0400 (Eastern Daylight Time)
false,de8f85e6-7ca0-6665-fbfe-b121a5faad43,levis,levis,Levi's,PDP_REDIRECT,levi.com,false,Apparel & Footwear,#c41230,#FFFFFF,https://www.levi.com/US/en_US/cart,,false,,Tue Aug 21 2018 13:08:22 GMT-0400 (Eastern Daylight Time)
true,df5e4549-7493-2194-5953-fb3e405d759d,instacart,instacart,Instacart,PDP_REDIRECT,https://www.instacart.com,,Food & Beverage,,,https://www.instacart.com,,false,,Wed Feb 27 2019 14:58:44 GMT-0500 (Eastern Standard Time)
true,e1258bdf-a818-a36e-c227-fd884f2e17d8,hp,hp,HP,FORM_SUBMISSION,https://store.hp.com/us/en/AddToCartAjax,,Electronics,#0097dc,,https://store.hp.com/webapp/wcs/stores/servlet/OrderShippingBillingView,,true,,Fri Jul 20 2018 17:15:27 GMT-0400 (Eastern Daylight Time)
true,e1e7a23b-df65-6c04-51e4-f2e224e6c66e,bakers-plus,bakers-plus,Baker's Plus,PDP_REDIRECT,https://www.bakersplus.com/basket/api/v2/user/add-item,false,Food & Beverage,#375398,#FFFFFF,https://www.bakersplus.com/cart,,false,true,Thu Jan 16 2020 10:45:05 GMT-0500 (Eastern Standard Time)
true,e3b796d3-d6e7-f36b-162e-3a2be7ed6c6e,tesco,tesco,Tesco,PDP_REDIRECT,https://www.tesco.com/,false,Big Box,#0053a5,#FFFFFF,https://www.tesco.com/,,false,,Mon Oct 12 2020 10:11:20 GMT-0400 (Eastern Daylight Time)
true,e3ea8983-c4bc-e453-ab70-b705eb57d0e9,native,native,Native,PDP_REDIRECT,https://www.nativecos.com,false,,#02287d,#FFFFFF,https://www.nativecos.com/cart,,false,,Fri Sep 25 2020 13:10:36 GMT-0400 (Eastern Daylight Time)
true,e4860592-ed85-4170-a456-10ff00481247,shoppers-drug-mart,shoppers-drug-mart,Shoppers Drug Mart,CUSTOM_REDIRECT_ONLY,https://beauty.shoppersdrugmart.ca/cart/add,false,Beauty & Personal Care,#e21a22,#FFFFFF,https://beauty.shoppersdrugmart.ca/shoppingbag,,false,,Mon Nov 04 2019 11:28:43 GMT-0500 (Eastern Standard Time)
true,e49ed830-4dc5-500a-a4f8-1985a2dbe698,amazon-ca,amazon-canada,Amazon Canada,DIRECT_URL,https://www.amazon.ca/gp/aws/cart/add.html?Access+Key+ID=AKIAI6XNLHWSKFN3STGQ&Associate+Tag=mikmakattach-20&ASIN.1=${SKU}&Quantity.1=1&add=add,false,Big Box,#f09b3a,#FFFFFF,https://www.amazon.ca/gp/cart/view.html?ref_=nav_cart,,false,,Mon Apr 22 2019 14:45:24 GMT-0400 (Eastern Daylight Time)
true,e4aae9f9-149f-e48b-2c78-f000dd3f97f0,pick-n-save,pick-n-save,Pick 'n Save,PDP_REDIRECT,https://www.picknsave.com,false,Food & Beverage,#0068b3,#FFFFFF,https://www.picknsave.com/cart,,false,true,Mon Jul 13 2020 08:44:09 GMT-0400 (Eastern Daylight Time)
true,e5bf0f13-8546-e4ae-f588-c830b579db00,jean-coutu,jean-coutu,Jean Coutu,PDP_REDIRECT,https://www.jeancoutu.com/,false,,#e13b3e,"rgba(255, 255, 255, 1)",https://www.jeancoutu.com/,,false,,Fri Aug 21 2020 13:09:00 GMT-0400 (Eastern Daylight Time)
true,e5ef9e5c-28fa-6a9a-3fd7-d40b9872ca05,whole-foods,whole-foods,Whole Foods,CUSTOM_REDIRECT_ONLY,https://www.amazon.com/alm/storefront/?almBrandId=VUZHIFdob2xlIEZvb2Rz,false,Food & Beverage,#025c39,#FFFFFF,https://www.amazon.com/alm/storefront/?almBrandId=VUZHIFdob2xlIEZvb2Rz,,false,,Mon Oct 26 2020 10:12:14 GMT-0400 (Eastern Daylight Time)
true,e64b4ca6-5d61-1e34-da6a-41c7e229935f,bevmo,bevmo,BevMo!,PDP_REDIRECT,https://api.freshop.com/2/shopping_list_items/create,false,Food & Beverage,#de2616,#FFFFFF,https://www.bevmo.com/checkout,,false,true,Tue Feb 04 2020 23:54:59 GMT-0500 (Eastern Standard Time)
true,e71ff2a7-13c3-2350-2607-61e6510c97e8,nuun,nuun,Nuun,DIRECT_URL,https://nuunlife.com/cart/,false,,#007eb6,#FFFFFF,https://nuunlife.com/cart,,false,,Tue Oct 27 2020 09:20:02 GMT-0400 (Eastern Daylight Time)
true,e80fffe2-8e8b-52ee-a445-d588c8663d22,amazon-fresh,amazon-fresh,Amazon Fresh,DIRECT_URL,https://www.amazon.com/afx/ingredients/landing,false,Food & Beverage,#4F9C2D,#FFFFFF,https://www.amazon.com/afx/ingredients/landing,,false,,Mon May 20 2019 12:03:11 GMT-0400 (Eastern Daylight Time)
true,e8c1f8a7-9ad4-49a0-b571-c3008782e8b4,dermablend,dermablend,Dermablend,DIRECT_URL,https://www.dermablend.com/on/demandware.store/Sites-dermablend-us-Site/default/Cart-AddProduct?format=ajax,false,Beauty & Personal Care,,#FFFFFF,https://www.dermablend.com/cart,,true,,Thu Feb 22 2018 13:53:57 GMT-0500 (EST)
true,ead31080-dccd-2f93-213a-b356730557f9,food-lion,food-lion,Food Lion,PDP_REDIRECT,https://shop.foodlion.com/checkout/v2/cart,false,Food & Beverage,#256192,#FFFFFF,https://shop.foodlion.com/checkout/v2/cart,,false,true,Tue Sep 01 2020 13:25:42 GMT-0400 (Eastern Daylight Time)
true,eb09183c-efc7-96ba-d17b-da6d42f666ea,gerbes,gerbes,Gerbes,PDP_REDIRECT,https://www.gerbes.com/basket/api/v2/user/add-item,false,Food & Beverage,#375398,#FFFFFF,https://www.gerbes.com/cart,,false,true,Thu Jan 16 2020 10:10:43 GMT-0500 (Eastern Standard Time)
false,eb8e673a-193b-025f-5a17-6a1ec30ad78a,adidas,adidas,Adidas,DIRECT_URL,https://www.adidas.com/us/cart/restore,,Apparel & Footwear,#000000,,https://www.adidas.com/on/demandware.store/Sites-adidas-US-Site/en_US/Cart-Show,,false,,Mon Apr 29 2019 18:02:05 GMT-0400 (Eastern Daylight Time)
true,eca9dd5e-f8a9-c0e8-5633-32be810493a3,goldieblox,goldieblox,GoldieBlox,DIRECT_URL,https://store.goldieblox.com/cart/,false,,#FEC230,#FFFFFF,https://store.goldieblox.com/cart,,false,,Thu May 21 2020 15:28:05 GMT-0400 (Eastern Daylight Time)
true,ecc9d1c0-35a5-4125-bd39-c5b338a49dfb,pureology,pureology,Pureology,DIRECT_URL,https://www.pureology.com/on/demandware.store/Sites-pureology-us-Site/default/Cart-AddProduct?format=ajax,false,Beauty & Personal Care,,#FFFFFF,https://www.pureology.com/cart,,true,,Thu Feb 22 2018 13:54:02 GMT-0500 (EST)
true,ed548b9b-586d-2ca6-34ee-de12eb74d7dc,boots-uk,boots-uk,Boots UK,CUSTOM_REDIRECT_ONLY,https://www.boots.com/AjaxCustomOrderItemAdd,false,Big Box,#1B448E,#FFFFFF,https://www.boots.com/OrderItemDisplay,,false,,Wed Feb 12 2020 12:28:59 GMT-0500 (Eastern Standard Time)
true,ee250718-fdff-dbc8-6daa-b6d7cbf362c2,nordstrom,nordstrom,Nordstrom,PDP_REDIRECT,https://secure.nordstrom.com/api/checkout/web/checkout/v1/shopping-bag/items,false,Big Box,#000000,#FFFFFF,https://secure.nordstrom.com/shopping-bag,,false,,Thu Jun 27 2019 11:53:20 GMT-0400 (Eastern Daylight Time)
true,ef8d7387-ca1a-c969-e6d7-81b19d35974f,baxter,baxter-of-california,Baxter Of California,DIRECT_URL,https://www.baxterofcalifornia.com/on/demandware.store/Sites-baxter-US-Site/default/Cart-AddProduct?,,Beauty & Personal Care,,,https://www.baxterofcalifornia.com/cart,,false,,Tue Jul 17 2018 11:43:38 GMT-0400 (Eastern Daylight Time)
true,f024be6e-1ea4-b67e-29d7-edb3fa01dd98,bjs,bjs,BJ's,CUSTOM_REDIRECT_ONLY,https://www.bjs.com/,false,Big Box,#bd051d,#FFFFFF,https://www.bjs.com/,,false,,Tue Oct 27 2020 10:24:57 GMT-0400 (Eastern Daylight Time)
true,f2730439-6f8d-64ed-f18b-0e0b853d9718,pro-direct-soccer,pro-direct-soccer,Pro Direct Soccer,PDP_REDIRECT,https://www.prodirectsoccer.com,false,Apparel & Footwear,#000000,#FFFFFF,https://www.prodirectsoccer.com,,false,,Thu Jul 23 2020 17:44:24 GMT-0400 (Eastern Daylight Time)
true,f3f73f08-c558-e777-dccd-80416a41148a,carrefour-spain,carrefour-spain,Carrefour Spain,PDP_REDIRECT,https://www.carrefour.es/,false,,#34348e,#FFFFFF,https://www.carrefour.es/,,false,,Mon Oct 12 2020 10:05:47 GMT-0400 (Eastern Daylight Time)
true,f40acbde-a0f0-3880-7d69-ea799fc00cf3,best-buy,best-buy,Best Buy,PDP_REDIRECT,https://api.bestbuy.com/click/-/,false,Electronics,#1b46be,#FFFFFF,https://www.bestbuy.com/cart,,false,,Fri Sep 20 2019 13:43:34 GMT-0400 (Eastern Daylight Time)
true,f66211d4-debe-10be-47f6-d6076b08c142,macallan,the-macallan,The Macallan,PDP_REDIRECT,themacallan.com,false,,#862433,#FFFFFF,themacallan.com,,false,,Thu Apr 30 2020 11:46:30 GMT-0400 (Eastern Daylight Time)
true,f7621eb2-1e00-6ac7-f61f-6abd59d814ce,randalls,randalls,Randalls,PDP_REDIRECT,https://www.randalls.com,false,Food & Beverage,#03223d,#FFFFFF,https://www.randalls.com,,false,true,Thu Jul 09 2020 14:16:55 GMT-0400 (Eastern Daylight Time)
true,f8cbc3f5-46c5-235a-99cf-64b771fc3f80,macys,macys,Macy's,CUSTOM_REDIRECT_ONLY,https://www.macys.com/bag/add,false,Big Box,#cc0302,#FFFFFF,https://www.macys.com/my-bag,,false,,Tue May 14 2019 18:03:05 GMT-0400 (Eastern Daylight Time)
true,faeb3856-57ac-f612-79ea-d63382138a49,makeupForever,make-up-for-ever,Make Up For Ever,PDP_REDIRECT,https://www.makeupforever.com/on/demandware.store/Sites-MakeUpForEver-US-Site/en_US/Cart-AddProduct,false,Beauty & Personal Care,#c92c34,,https://www.makeupforever.com/us/en-us/cart,,false,,Fri Apr 27 2018 16:15:10 GMT-0400 (EDT)
true,fc3d4bf0-ad7a-85f1-292c-902f5a172bf9,bombpop,bomb-pop,Bomb Pop,PDP_REDIRECT,bombpop.com,false,,"rgba(255, 0, 0, 1)",#FFFFFF,bombpop.com,,false,,Tue Jun 09 2020 11:17:53 GMT-0400 (Eastern Daylight Time)
true,fd2edb50-1137-2eaf-d52f-67ac80f0d06e,we-got-soccer,wegotsoccer,WeGotSoccer,DIRECT_URL,https://www.wegotsoccer.com/addToCart,false,Apparel & Footwear,#000000,#FFFFFF,https://www.wegotsoccer.com/viewcart,,false,,Thu Jul 23 2020 16:11:53 GMT-0400 (Eastern Daylight Time)
true,fd7217df-bfb4-80f7-3a6e-f806d90ee69f,crestwhitesmile,crest-white-smile,Crest White Smile,DIRECT_URL,https://crestwhitesmile.com/cart.php,,Beauty & Personal Care,,,https://crestwhitesmile.com/cart.php,,false,,Wed Apr 03 2019 15:56:05 GMT-0400 (Eastern Daylight Time)
true,fe20f8ed-ea1a-1a95-af10-9379a2278121,7-eleven,7-eleven,7-Eleven,PDP_REDIRECT,https://delivery.7-eleven.com,false,Food & Beverage,#098162,#FFFFFF,https://delivery.7-eleven.com,,false,,Wed Jul 01 2020 15:15:43 GMT-0400 (Eastern Daylight Time)
